deleted_path,kept_path,group_size
articles/2008/694-pg171_001.txt,articles/2008/213-pg171.1_001.txt,2
articles/2008/219-169.3_009.txt,articles/2008/214-pg170.1_001.txt,4
articles/2008/690-pg169.3_010.txt,articles/2008/214-pg170.1_001.txt,4
articles/2008/691-pg170.1_001.txt,articles/2008/214-pg170.1_001.txt,4
articles/2008/219-169.3_010.txt,articles/2008/214-pg170.1_002.txt,4
articles/2008/690-pg169.3_011.txt,articles/2008/214-pg170.1_002.txt,4
articles/2008/691-pg170.1_002.txt,articles/2008/214-pg170.1_002.txt,4
articles/2008/691-pg170.1_003.txt,articles/2008/214-pg170.1_003.txt,2
articles/2008/691-pg170.1_004.txt,articles/2008/214-pg170.1_004.txt,2
articles/2008/691-pg170.1_005.txt,articles/2008/214-pg170.1_005.txt,2
articles/2008/691-pg170.1_006.txt,articles/2008/214-pg170.1_006.txt,3
articles/2008/691-pg170.1_008.txt,articles/2008/214-pg170.1_006.txt,3
articles/2008/691-pg170.1_007.txt,articles/2008/214-pg170.1_007.txt,2
articles/2008/691-pg170.1_009.txt,articles/2008/214-pg170.1_008.txt,2
articles/2008/691-pg170.1_010.txt,articles/2008/214-pg170.1_009.txt,2
articles/2008/691-pg170.1_011.txt,articles/2008/214-pg170.1_010.txt,2
articles/2008/691-pg170.1_012.txt,articles/2008/214-pg170.1_011.txt,2
articles/2008/214-pg170.1_018.txt,articles/2008/214-pg170.1_012.txt,4
articles/2008/691-pg170.1_013.txt,articles/2008/214-pg170.1_012.txt,4
articles/2008/692-pg170.2_003.txt,articles/2008/214-pg170.1_012.txt,4
articles/2008/691-pg170.1_014.txt,articles/2008/214-pg170.1_013.txt,2
articles/2008/691-pg170.1_015.txt,articles/2008/214-pg170.1_014.txt,2
articles/2008/691-pg170.1_016.txt,articles/2008/214-pg170.1_015.txt,2
articles/2008/692-pg170.2_001.txt,articles/2008/214-pg170.1_016.txt,2
articles/2008/692-pg170.2_002.txt,articles/2008/214-pg170.1_017.txt,2
articles/2008/692-pg170.2_004.txt,articles/2008/214-pg170.1_019.txt,2
articles/2008/692-pg170.2_005.txt,articles/2008/215-pg170.2_001.txt,2
articles/2008/692-pg170.2_006.txt,articles/2008/215-pg170.2_002.txt,2
articles/2008/692-pg170.2_007.txt,articles/2008/215-pg170.2_003.txt,2
articles/2008/692-pg170.2_008.txt,articles/2008/215-pg170.2_004.txt,2
articles/2008/692-pg170.2_009.txt,articles/2008/215-pg170.2_005.txt,2
articles/2008/692-pg170.2_010.txt,articles/2008/215-pg170.2_006.txt,2
articles/2008/692-pg170.2_011.txt,articles/2008/215-pg170.2_007.txt,2
articles/2008/692-pg170.2_012.txt,articles/2008/215-pg170.2_008.txt,2
articles/2008/692-pg170.2_013.txt,articles/2008/215-pg170.2_009.txt,2
articles/2008/692-pg170.2_014.txt,articles/2008/215-pg170.2_010.txt,2
articles/2008/692-pg170.2_015.txt,articles/2008/215-pg170.2_011.txt,2
articles/2008/216-pg170.3_001.txt,articles/2008/215-pg170.2_012.txt,3
articles/2008/692-pg170.2_016.txt,articles/2008/215-pg170.2_012.txt,3
articles/2008/216-pg170.3_002.txt,articles/2008/215-pg170.2_013.txt,3
articles/2008/692-pg170.2_017.txt,articles/2008/215-pg170.2_013.txt,3
articles/2008/216-pg170.3_003.txt,articles/2008/215-pg170.2_014.txt,3
articles/2008/693-pg170.3_001.txt,articles/2008/215-pg170.2_014.txt,3
articles/2008/216-pg170.3_004.txt,articles/2008/215-pg170.2_015.txt,3
articles/2008/693-pg170.3_002.txt,articles/2008/215-pg170.2_015.txt,3
articles/2008/216-pg170.3_005.txt,articles/2008/215-pg170.2_016.txt,3
articles/2008/693-pg170.3_003.txt,articles/2008/215-pg170.2_016.txt,3
articles/2008/216-pg170.3_006.txt,articles/2008/215-pg170.2_017.txt,3
articles/2008/693-pg170.3_004.txt,articles/2008/215-pg170.2_017.txt,3
articles/2008/693-pg170.3_005.txt,articles/2008/216-pg170.3_007.txt,2
articles/2008/693-pg170.3_006.txt,articles/2008/216-pg170.3_008.txt,2
articles/2008/216-pg170.3_011.txt,articles/2008/216-pg170.3_009.txt,4
articles/2008/693-pg170.3_007.txt,articles/2008/216-pg170.3_009.txt,4
articles/2008/693-pg170.3_009.txt,articles/2008/216-pg170.3_009.txt,4
articles/2008/693-pg170.3_008.txt,articles/2008/216-pg170.3_010.txt,2
articles/2008/693-pg170.3_010.txt,articles/2008/216-pg170.3_012.txt,2
articles/2008/693-pg170.3_011.txt,articles/2008/216-pg170.3_013.txt,2
articles/2008/693-pg170.3_012.txt,articles/2008/216-pg170.3_014.txt,2
articles/2008/693-pg170.3_013.txt,articles/2008/216-pg170.3_015.txt,2
articles/2008/693-pg170.3_014.txt,articles/2008/216-pg170.3_016.txt,2
articles/2008/693-pg170.3_015.txt,articles/2008/216-pg170.3_017.txt,2
articles/2008/693-pg170.3_016.txt,articles/2008/216-pg170.3_018.txt,2
articles/2008/693-pg170.3_017.txt,articles/2008/216-pg170.3_019.txt,2
articles/2008/688-pg169.1_001.txt,articles/2008/217-pg169.1_001.txt,2
articles/2008/688-pg169.1_002.txt,articles/2008/217-pg169.1_002.txt,2
articles/2008/688-pg169.1_003.txt,articles/2008/217-pg169.1_003.txt,2
articles/2008/688-pg169.1_004.txt,articles/2008/217-pg169.1_004.txt,3
articles/2008/688-pg169.1_006.txt,articles/2008/217-pg169.1_004.txt,3
articles/2008/688-pg169.1_005.txt,articles/2008/217-pg169.1_005.txt,2
articles/2008/688-pg169.1_007.txt,articles/2008/217-pg169.1_006.txt,2
articles/2008/688-pg169.1_008.txt,articles/2008/217-pg169.1_007.txt,2
articles/2008/688-pg169.1_009.txt,articles/2008/217-pg169.1_008.txt,2
articles/2008/688-pg169.1_010.txt,articles/2008/217-pg169.1_009.txt,2
articles/2008/688-pg169.1_011.txt,articles/2008/217-pg169.1_010.txt,2
articles/2008/688-pg169.1_012.txt,articles/2008/217-pg169.1_011.txt,2
articles/2008/688-pg169.1_013.txt,articles/2008/217-pg169.1_012.txt,2
articles/2008/217-pg169.1_014.txt,articles/2008/217-pg169.1_013.txt,4
articles/2008/688-pg169.1_014.txt,articles/2008/217-pg169.1_013.txt,4
articles/2008/688-pg169.1_015.txt,articles/2008/217-pg169.1_013.txt,4
articles/2008/688-pg169.1_016.txt,articles/2008/217-pg169.1_015.txt,2
articles/2008/688-pg169.1_017.txt,articles/2008/217-pg169.1_016.txt,2
articles/2008/688-pg169.1_018.txt,articles/2008/217-pg169.1_017.txt,2
articles/2008/688-pg169.1_019.txt,articles/2008/217-pg169.1_018.txt,2
articles/2008/689-pg169.2_001.txt,articles/2008/218-pg169.2_001.txt,2
articles/2008/689-pg169.2_002.txt,articles/2008/218-pg169.2_002.txt,2
articles/2008/689-pg169.2_003.txt,articles/2008/218-pg169.2_003.txt,2
articles/2008/689-pg169.2_004.txt,articles/2008/218-pg169.2_004.txt,2
articles/2008/689-pg169.2_005.txt,articles/2008/218-pg169.2_005.txt,2
articles/2008/689-pg169.2_006.txt,articles/2008/218-pg169.2_006.txt,2
articles/2008/689-pg169.2_007.txt,articles/2008/218-pg169.2_007.txt,2
articles/2008/689-pg169.2_008.txt,articles/2008/218-pg169.2_008.txt,2
articles/2008/689-pg169.2_009.txt,articles/2008/218-pg169.2_009.txt,2
articles/2008/689-pg169.2_010.txt,articles/2008/218-pg169.2_010.txt,2
articles/2008/689-pg169.2_011.txt,articles/2008/218-pg169.2_011.txt,2
articles/2008/689-pg169.2_012.txt,articles/2008/218-pg169.2_012.txt,2
articles/2008/219-169.3_002.txt,articles/2008/218-pg169.2_013.txt,4
articles/2008/689-pg169.2_013.txt,articles/2008/218-pg169.2_013.txt,4
articles/2008/690-pg169.3_003.txt,articles/2008/218-pg169.2_013.txt,4
articles/2008/219-169.3_003.txt,articles/2008/218-pg169.2_014.txt,4
articles/2008/689-pg169.2_014.txt,articles/2008/218-pg169.2_014.txt,4
articles/2008/690-pg169.3_004.txt,articles/2008/218-pg169.2_014.txt,4
articles/2008/689-pg169.2_015.txt,articles/2008/218-pg169.2_015.txt,2
articles/2008/689-pg169.2_016.txt,articles/2008/218-pg169.2_016.txt,2
articles/2008/690-pg169.3_001.txt,articles/2008/218-pg169.2_017.txt,2
articles/2008/690-pg169.3_002.txt,articles/2008/219-169.3_001.txt,2
articles/2008/690-pg169.3_005.txt,articles/2008/219-169.3_004.txt,2
articles/2008/690-pg169.3_006.txt,articles/2008/219-169.3_005.txt,2
articles/2008/690-pg169.3_007.txt,articles/2008/219-169.3_006.txt,2
articles/2008/690-pg169.3_008.txt,articles/2008/219-169.3_007.txt,2
articles/2008/690-pg169.3_009.txt,articles/2008/219-169.3_008.txt,2
articles/2008/690-pg169.3_012.txt,articles/2008/219-169.3_011.txt,2
articles/2008/690-pg169.3_013.txt,articles/2008/219-169.3_012.txt,2
articles/2008/684-pg167.3_006.txt,articles/2008/220-pg168.1_001.txt,3
articles/2008/685-pg168.1_001.txt,articles/2008/220-pg168.1_001.txt,3
articles/2008/685-pg168.1_002.txt,articles/2008/220-pg168.1_002.txt,2
articles/2008/685-pg168.1_003.txt,articles/2008/220-pg168.1_003.txt,2
articles/2008/685-pg168.1_004.txt,articles/2008/220-pg168.1_004.txt,2
articles/2008/220-pg168.1_011.txt,articles/2008/220-pg168.1_005.txt,4
articles/2008/685-pg168.1_005.txt,articles/2008/220-pg168.1_005.txt,4
articles/2008/685-pg168.1_011.txt,articles/2008/220-pg168.1_005.txt,4
articles/2008/220-pg168.1_012.txt,articles/2008/220-pg168.1_006.txt,4
articles/2008/685-pg168.1_006.txt,articles/2008/220-pg168.1_006.txt,4
articles/2008/685-pg168.1_012.txt,articles/2008/220-pg168.1_006.txt,4
articles/2008/685-pg168.1_007.txt,articles/2008/220-pg168.1_007.txt,2
articles/2008/685-pg168.1_008.txt,articles/2008/220-pg168.1_008.txt,2
articles/2008/685-pg168.1_009.txt,articles/2008/220-pg168.1_009.txt,2
articles/2008/685-pg168.1_010.txt,articles/2008/220-pg168.1_010.txt,2
articles/2008/685-pg168.1_013.txt,articles/2008/220-pg168.1_013.txt,2
articles/2008/685-pg168.1_014.txt,articles/2008/220-pg168.1_014.txt,2
articles/2008/685-pg168.1_015.txt,articles/2008/220-pg168.1_015.txt,2
articles/2008/685-pg168.1_016.txt,articles/2008/220-pg168.1_016.txt,2
articles/2008/685-pg168.1_017.txt,articles/2008/220-pg168.1_017.txt,2
articles/2008/685-pg168.1_018.txt,articles/2008/221-pg168.2_001.txt,2
articles/2008/686-pg168.2_001.txt,articles/2008/221-pg168.2_002.txt,2
articles/2008/221-pg168.2_007.txt,articles/2008/221-pg168.2_003.txt,4
articles/2008/686-pg168.2_002.txt,articles/2008/221-pg168.2_003.txt,4
articles/2008/686-pg168.2_006.txt,articles/2008/221-pg168.2_003.txt,4
articles/2008/686-pg168.2_003.txt,articles/2008/221-pg168.2_004.txt,2
articles/2008/686-pg168.2_004.txt,articles/2008/221-pg168.2_005.txt,2
articles/2008/686-pg168.2_005.txt,articles/2008/221-pg168.2_006.txt,2
articles/2008/686-pg168.2_007.txt,articles/2008/221-pg168.2_008.txt,2
articles/2008/686-pg168.2_008.txt,articles/2008/221-pg168.2_009.txt,2
articles/2008/221-pg168.2_015.txt,articles/2008/221-pg168.2_010.txt,4
articles/2008/686-pg168.2_009.txt,articles/2008/221-pg168.2_010.txt,4
articles/2008/686-pg168.2_014.txt,articles/2008/221-pg168.2_010.txt,4
articles/2008/686-pg168.2_010.txt,articles/2008/221-pg168.2_011.txt,2
articles/2008/686-pg168.2_011.txt,articles/2008/221-pg168.2_012.txt,2
articles/2008/686-pg168.2_012.txt,articles/2008/221-pg168.2_013.txt,2
articles/2008/686-pg168.2_013.txt,articles/2008/221-pg168.2_014.txt,2
articles/2008/686-pg168.2_015.txt,articles/2008/221-pg168.2_016.txt,2
articles/2008/686-pg168.2_016.txt,articles/2008/221-pg168.2_017.txt,2
articles/2008/222-pg168.3_006.txt,articles/2008/222-pg168.3_001.txt,4
articles/2008/686-pg168.2_017.txt,articles/2008/222-pg168.3_001.txt,4
articles/2008/687-pg168.3_003.txt,articles/2008/222-pg168.3_001.txt,4
articles/2008/686-pg168.2_018.txt,articles/2008/222-pg168.3_002.txt,2
articles/2008/687-pg168.3_001.txt,articles/2008/222-pg168.3_003.txt,2
articles/2008/222-pg168.3_005.txt,articles/2008/222-pg168.3_004.txt,3
articles/2008/687-pg168.3_002.txt,articles/2008/222-pg168.3_004.txt,3
articles/2008/687-pg168.3_004.txt,articles/2008/222-pg168.3_007.txt,2
articles/2008/687-pg168.3_005.txt,articles/2008/222-pg168.3_008.txt,2
articles/2008/687-pg168.3_006.txt,articles/2008/222-pg168.3_009.txt,2
articles/2008/687-pg168.3_007.txt,articles/2008/222-pg168.3_010.txt,2
articles/2008/687-pg168.3_008.txt,articles/2008/222-pg168.3_011.txt,2
articles/2008/687-pg168.3_009.txt,articles/2008/222-pg168.3_012.txt,2
articles/2008/687-pg168.3_010.txt,articles/2008/222-pg168.3_013.txt,2
articles/2008/687-pg168.3_011.txt,articles/2008/222-pg168.3_014.txt,2
articles/2008/687-pg168.3_012.txt,articles/2008/222-pg168.3_015.txt,2
articles/2008/687-pg168.3_013.txt,articles/2008/222-pg168.3_016.txt,2
articles/2008/662-pg160.2_012.txt,articles/2008/662-pg160.2_009.txt,2
articles/2008/663-pg160.3_013.txt,articles/2008/663-pg160.3_009.txt,2
articles/2008/664-pg161.1_008.txt,articles/2008/663-pg160.3_014.txt,2
articles/2008/664-pg161.1_006.txt,articles/2008/664-pg161.1_001.txt,2
articles/2008/664-pg161.1_012.txt,articles/2008/664-pg161.1_009.txt,2
articles/2008/665-pg161.2_009.txt,articles/2008/665-pg161.2_005.txt,2
articles/2008/665-pg161.2_011.txt,articles/2008/665-pg161.2_006.txt,2
articles/2008/665-pg161.2_010.txt,articles/2008/665-pg161.2_008.txt,2
articles/2008/666-pg161.3_005.txt,articles/2008/665-pg161.2_019.txt,2
articles/2008/666-pg161.3_006.txt,articles/2008/666-pg161.3_002.txt,2
articles/2008/667-pg162.1_002.txt,articles/2008/666-pg161.3_011.txt,2
articles/2008/667-pg162.1_013.txt,articles/2008/667-pg162.1_007.txt,2
articles/2008/667-pg162.1_012.txt,articles/2008/667-pg162.1_011.txt,2
articles/2008/668-pg162.2_019.txt,articles/2008/668-pg162.2_018.txt,2
articles/2008/670-pg163.1_001.txt,articles/2008/669-pg162.3_011.txt,2
articles/2008/670-pg163.1_016.txt,articles/2008/670-pg163.1_013.txt,2
articles/2008/671-pg163.2_002.txt,articles/2008/670-pg163.1_015.txt,2
articles/2008/671-pg163.2_018.txt,articles/2008/671-pg163.2_016.txt,2
articles/2008/672-pg163.3_001.txt,articles/2008/671-pg163.2_017.txt,2
articles/2008/674-pg164.2_007.txt,articles/2008/674-pg164.2_004.txt,2
articles/2008/674-pg164.2_013.txt,articles/2008/674-pg164.2_011.txt,2
articles/2008/676-pg165.1_008.txt,articles/2008/676-pg165.1_005.txt,2
articles/2008/676-pg165.1_014.txt,articles/2008/676-pg165.1_010.txt,2
articles/2008/677-pg165.2_010.txt,articles/2008/677-pg165.2_007.txt,2
articles/2008/679-pg166.1_014.txt,articles/2008/679-pg166.1_011.txt,2
articles/2008/680-pg166.2_004.txt,articles/2008/679-pg166.1_018.txt,2
articles/2008/681-pg166.3_007.txt,articles/2008/681-pg166.3_002.txt,2
articles/2008/682-pg167.1_015.txt,articles/2008/682-pg167.1_012.txt,2
articles/2008/683-pg167.2_003.txt,articles/2008/682-pg167.1_017.txt,2
articles/2008/683-pg167.2_013.txt,articles/2008/683-pg167.2_011.txt,2
articles/2008/684-pg167.3_009.txt,articles/2008/683-pg167.2_018.txt,2
articles/2008/684-pg167.3_010.txt,articles/2008/684-pg167.3_004.txt,2
articles/2009/422-pg80.3_003.txt,articles/2009/421-pg80.2_009.txt,2
articles/2009/422-pg80.3_005.txt,articles/2009/421-pg80.2_016.txt,2
articles/2009/422-pg80.3_004.txt,articles/2009/422-pg80.3_002.txt,2
articles/2009/422-pg80.3_011.txt,articles/2009/422-pg80.3_009.txt,2
articles/2009/423-pg81.1_007.txt,articles/2009/423-pg81.1_003.txt,2
articles/2009/424-pg81.2_007.txt,articles/2009/423-pg81.1_011.txt,2
articles/2009/424-pg81.2_005.txt,articles/2009/424-pg81.2_004.txt,2
articles/2009/426-pg82.1_006.txt,articles/2009/426-pg82.1_004.txt,2
articles/2009/426-pg82.1_013.txt,articles/2009/426-pg82.1_009.txt,2
articles/2009/426-pg82.1_012.txt,articles/2009/426-pg82.1_010.txt,2
articles/2009/428-pg82.3_006.txt,articles/2009/427-pg82.2_017.txt,2
articles/2009/429-pg83.1_007.txt,articles/2009/429-pg83.1_002.txt,2
articles/2009/430-pg83.2_008.txt,articles/2009/430-pg83.2_003.txt,2
articles/2009/430-pg83.2_007.txt,articles/2009/430-pg83.2_004.txt,2
articles/2009/431-pg83.3_012.txt,articles/2009/431-pg83.3_006.txt,2
articles/2009/431-pg83.3_010.txt,articles/2009/431-pg83.3_008.txt,2
articles/2009/432-pg84.1_005.txt,articles/2009/432-pg84.1_002.txt,2
articles/2009/432-pg84.1_017.txt,articles/2009/432-pg84.1_015.txt,2
articles/2009/434-pg84.3_012.txt,articles/2009/434-pg84.3_009.txt,2
articles/2009/435-pg85.1_004.txt,articles/2009/434-pg84.3_015.txt,2
articles/2009/435-pg85.1_002.txt,articles/2009/435-pg85.1_001.txt,2
articles/2009/435-pg85.1_010.txt,articles/2009/435-pg85.1_008.txt,2
articles/2009/436-pg85.2_005.txt,articles/2009/435-pg85.1_012.txt,2
articles/2009/437-pg85.3_002.txt,articles/2009/436-pg85.2_010.txt,2
articles/2009/437-pg85.3_001.txt,articles/2009/436-pg85.2_016.txt,2
articles/2009/438-pg86.1_005.txt,articles/2009/438-pg86.1_002.txt,2
articles/2009/439-pg86.2_007.txt,articles/2009/438-pg86.1_018.txt,2
articles/2009/439-pg86.2_017.txt,articles/2009/439-pg86.2_013.txt,2
articles/2009/440-pg86.3_002.txt,articles/2009/439-pg86.2_014.txt,2
articles/2009/440-pg86.3_007.txt,articles/2009/440-pg86.3_006.txt,2
articles/2009/441-pg87.1_014.txt,articles/2009/441-pg87.1_009.txt,2
articles/2009/441-pg87.1_015.txt,articles/2009/441-pg87.1_010.txt,2
articles/2009/444-pg88.1_004.txt,articles/2009/444-pg88.1_002.txt,2
articles/2009/444-pg88.1_005.txt,articles/2009/444-pg88.1_003.txt,2
articles/2009/444-pg88.1_010.txt,articles/2009/444-pg88.1_007.txt,2
articles/2009/445-pg88.2_002.txt,articles/2009/444-pg88.1_011.txt,2
articles/2009/444-pg88.1_016.txt,articles/2009/444-pg88.1_012.txt,2
articles/2009/445-pg88.2_016.txt,articles/2009/445-pg88.2_008.txt,2
articles/2009/447-pg89.1_008.txt,articles/2009/447-pg89.1_001.txt,2
articles/2009/449-pg89.3_002.txt,articles/2009/448-pg89.2_014.txt,2
articles/2009/449-pg89.3_001.txt,articles/2009/448-pg89.2_016.txt,2
articles/2009/450-pg90.1_002.txt,articles/2009/449-pg89.3_007.txt,2
articles/2009/449-pg89.3_012.txt,articles/2009/449-pg89.3_008.txt,2
articles/2009/449-pg89.3_013.txt,articles/2009/449-pg89.3_009.txt,2
articles/2009/450-pg90.1_001.txt,articles/2009/449-pg89.3_010.txt,2
articles/2009/450-pg90.1_017.txt,articles/2009/450-pg90.1_015.txt,2
articles/2009/452-pg90.3_005.txt,articles/2009/452-pg90.3_003.txt,2
articles/2009/453-pg91.1_008.txt,articles/2009/453-pg91.1_005.txt,2
articles/2009/454-pg91.2_007.txt,articles/2009/454-pg91.2_001.txt,2
articles/2009/454-pg91.2_018.txt,articles/2009/454-pg91.2_012.txt,2
articles/2009/454-pg91.2_017.txt,articles/2009/454-pg91.2_013.txt,2
articles/2009/454-pg91.2_016.txt,articles/2009/454-pg91.2_014.txt,2
articles/2009/455-pg91.3_007.txt,articles/2009/455-pg91.3_004.txt,2
articles/2009/456-pg92.1_005.txt,articles/2009/455-pg91.3_011.txt,2
articles/2009/456-pg92.1_013.txt,articles/2009/456-pg92.1_012.txt,2
articles/2009/459-pg93.1_011.txt,articles/2009/459-pg93.1_007.txt,2
articles/2009/460-pg93.2_001.txt,articles/2009/459-pg93.1_015.txt,2
articles/2009/462-pg94.1_004.txt,articles/2009/462-pg94.1_001.txt,2
articles/2009/463-pg94.2_007.txt,articles/2009/463-pg94.2_002.txt,2
articles/2009/463-pg94.2_016.txt,articles/2009/463-pg94.2_012.txt,2
articles/2009/463-pg94.2_017.txt,articles/2009/463-pg94.2_014.txt,2
articles/2009/463-pg94.2_018.txt,articles/2009/463-pg94.2_015.txt,2
articles/2009/465-pg95.1_011.txt,articles/2009/464-pg94.3_012.txt,2
articles/2009/465-pg95.1_013.txt,articles/2009/465-pg95.1_008.txt,2
articles/2009/465-pg95.1_012.txt,articles/2009/465-pg95.1_010.txt,2
articles/2009/466-pg95.2_013.txt,articles/2009/466-pg95.2_006.txt,2
articles/2009/466-pg95.2_012.txt,articles/2009/466-pg95.2_008.txt,2
articles/2009/467-pg95.3_008.txt,articles/2009/467-pg95.3_006.txt,2
articles/2009/468-pg96.1_012.txt,articles/2009/468-pg96.1_009.txt,2
articles/2009/471-pg97.1_009.txt,articles/2009/470-pg96.3_010.txt,2
articles/2009/471-pg97.1_007.txt,articles/2009/471-pg97.1_001.txt,2
articles/2009/473-pg97.3_011.txt,articles/2009/473-pg97.3_007.txt,2
articles/2009/474-pg98.1_006.txt,articles/2009/474-pg98.1_004.txt,2
articles/2009/475-pg98.2_013.txt,articles/2009/475-pg98.2_008.txt,2
articles/2009/477-pg99.1_002.txt,articles/2009/476-pg98.3_008.txt,2
articles/2009/477-pg99.1_003.txt,articles/2009/476-pg98.3_009.txt,2
articles/2009/478-pg99.2_012.txt,articles/2009/478-pg99.2_007.txt,2
articles/2009/478-pg99.2_011.txt,articles/2009/478-pg99.2_008.txt,2
articles/2009/478-pg99.2_013.txt,articles/2009/478-pg99.2_009.txt,2
articles/2009/479-pg99.3_007.txt,articles/2009/478-pg99.2_017.txt,2
articles/2009/479-pg99.3_005.txt,articles/2009/479-pg99.3_002.txt,2
articles/2009/479-pg99.3_006.txt,articles/2009/479-pg99.3_004.txt,2
articles/2009/480-pg100.1_006.txt,articles/2009/479-pg99.3_010.txt,2
articles/2009/480-pg100.1_008.txt,articles/2009/479-pg99.3_013.txt,2
articles/2009/480-pg100.1_007.txt,articles/2009/480-pg100.1_003.txt,2
articles/2009/483-pg101.1_004.txt,articles/2009/482-pg100.3_012.txt,2
articles/2009/483-pg101.1_016.txt,articles/2009/483-pg101.1_010.txt,2
articles/2009/484-pg101.2_006.txt,articles/2009/484-pg101.2_003.txt,2
articles/2009/485-pg101.3_003.txt,articles/2009/484-pg101.2_018.txt,2
articles/2009/486-pg102.1_014.txt,articles/2009/486-pg102.1_011.txt,2
articles/2009/487-pg102.2_010.txt,articles/2009/487-pg102.2_007.txt,2
articles/2009/488-pg102.3_005.txt,articles/2009/488-pg102.3_003.txt,2
articles/2009/490-pg103.2_007.txt,articles/2009/489-pg103.1_014.txt,2
articles/2009/490-pg103.2_005.txt,articles/2009/490-pg103.2_004.txt,2
articles/2009/492-pg104.1_004.txt,articles/2009/492-pg104.1_002.txt,2
articles/2009/493-pg104.2_017.txt,articles/2009/493-pg104.2_002.txt,2
articles/2009/493-pg104.2_015.txt,articles/2009/493-pg104.2_013.txt,2
articles/2009/494-pg104.3_009.txt,articles/2009/494-pg104.3_005.txt,2
articles/2009/494-pg104.3_008.txt,articles/2009/494-pg104.3_006.txt,2
articles/2009/495-pg105.1_011.txt,articles/2009/495-pg105.1_009.txt,2
articles/2009/496-pg105.2_010.txt,articles/2009/496-pg105.2_003.txt,2
articles/2009/497-pg105.3_011.txt,articles/2009/496-pg105.2_018.txt,2
articles/2009/497-pg105.3_010.txt,articles/2009/497-pg105.3_002.txt,2
articles/2009/498-pg106.1_002.txt,articles/2009/497-pg105.3_013.txt,2
articles/2009/498-pg106.1_007.txt,articles/2009/498-pg106.1_003.txt,2
articles/2009/499-pg106.2_004.txt,articles/2009/498-pg106.1_011.txt,2
articles/2009/499-pg106.2_003.txt,articles/2009/498-pg106.1_015.txt,2
articles/2009/499-pg106.2_015.txt,articles/2009/499-pg106.2_011.txt,2
articles/2009/500-pg106.3_009.txt,articles/2009/500-pg106.3_006.txt,2
articles/2009/502-pg196.2_004.txt,articles/2009/501-pg196.1_012.txt,2
articles/2009/505-pg197.2_011.txt,articles/2009/505-pg197.2_002.txt,2
articles/2009/507-pg198.1_015.txt,articles/2009/507-pg198.1_010.txt,2
articles/2009/508-pg198.2_007.txt,articles/2009/508-pg198.2_001.txt,2
articles/2009/508-pg198.2_008.txt,articles/2009/508-pg198.2_006.txt,2
articles/2009/509-pg198.3_003.txt,articles/2009/508-pg198.2_012.txt,2
articles/2009/510-pg199.1_005.txt,articles/2009/509-pg198.3_011.txt,2
articles/2009/510-pg199.1_006.txt,articles/2009/509-pg198.3_012.txt,2
articles/2009/511-pg199.2_017.txt,articles/2009/511-pg199.2_014.txt,2
articles/2009/513-pg200.1_009.txt,articles/2009/512-pg199.3_012.txt,2
articles/2009/513-pg200.1_007.txt,articles/2009/512-pg199.3_013.txt,2
articles/2009/514-pg200.2_018.txt,articles/2009/514-pg200.2_016.txt,2
articles/2009/518-pg201.3_006.txt,articles/2009/517-pg201.2_013.txt,2
articles/2009/518-pg201.3_008.txt,articles/2009/518-pg201.3_005.txt,2
articles/2009/521-pg202.3_005.txt,articles/2009/520-pg202.2_004.txt,2
articles/2009/521-pg202.3_004.txt,articles/2009/520-pg202.2_005.txt,2
articles/2009/521-pg202.3_010.txt,articles/2009/521-pg202.3_009.txt,2
articles/2009/523-pg203.2_005.txt,articles/2009/522-pg203.1_016.txt,2
articles/2009/524-pg203.3_011.txt,articles/2009/524-pg203.3_002.txt,2
articles/2009/524-pg203.3_010.txt,articles/2009/524-pg203.3_007.txt,2
articles/2009/524-pg203.3_012.txt,articles/2009/524-pg203.3_008.txt,2
articles/2009/525-pg204.1_008.txt,articles/2009/525-pg204.1_003.txt,2
articles/2009/525-pg204.1_009.txt,articles/2009/525-pg204.1_004.txt,2
articles/2009/525-pg204.1_007.txt,articles/2009/525-pg204.1_005.txt,2
articles/2009/525-pg204.1_018.txt,articles/2009/525-pg204.1_010.txt,2
articles/2009/525-pg204.1_017.txt,articles/2009/525-pg204.1_015.txt,2
articles/2009/526-pg204.2_009.txt,articles/2009/526-pg204.2_006.txt,2
articles/2009/526-pg204.2_011.txt,articles/2009/526-pg204.2_008.txt,2
articles/2009/527-pg204.3_011.txt,articles/2009/527-pg204.3_004.txt,2
articles/2009/527-pg204.3_010.txt,articles/2009/527-pg204.3_008.txt,2
articles/2009/528-pg205.1_005.txt,articles/2009/528-pg205.1_002.txt,2
articles/2009/528-pg205.1_013.txt,articles/2009/528-pg205.1_010.txt,2
articles/2009/529-pg205.2_009.txt,articles/2009/529-pg205.2_007.txt,2
articles/2009/531-pg206.1_002.txt,articles/2009/530-pg205.3_006.txt,2
articles/2009/531-pg206.1_003.txt,articles/2009/530-pg205.3_012.txt,2
articles/2009/531-pg206.1_018.txt,articles/2009/531-pg206.1_010.txt,2
articles/2009/532-pg206.2_002.txt,articles/2009/531-pg206.1_017.txt,2
articles/2009/534-pg207.1_005.txt,articles/2009/534-pg207.1_002.txt,2
articles/2009/534-pg207.1_013.txt,articles/2009/534-pg207.1_007.txt,2
articles/2009/536-pg207.3_002.txt,articles/2009/535-pg207.2_013.txt,2
articles/2009/537-pg208.1_007.txt,articles/2009/536-pg207.3_004.txt,2
articles/2009/537-pg208.1_006.txt,articles/2009/536-pg207.3_008.txt,2
articles/2009/537-pg208.1_008.txt,articles/2009/536-pg207.3_010.txt,2
articles/2009/537-pg208.1_005.txt,articles/2009/536-pg207.3_011.txt,2
articles/2009/537-pg208.1_004.txt,articles/2009/537-pg208.1_002.txt,2
articles/2009/538-pg208.2_006.txt,articles/2009/538-pg208.2_002.txt,2
articles/2009/538-pg208.2_015.txt,articles/2009/538-pg208.2_008.txt,2
articles/2009/538-pg208.2_016.txt,articles/2009/538-pg208.2_013.txt,2
articles/2009/538-pg208.2_017.txt,articles/2009/538-pg208.2_014.txt,2
articles/2009/539-pg208.3_013.txt,articles/2009/539-pg208.3_003.txt,2
articles/2009/540-pg209.1_002.txt,articles/2009/539-pg208.3_010.txt,2
articles/2009/540-pg209.1_001.txt,articles/2009/539-pg208.3_011.txt,2
articles/2009/540-pg209.1_010.txt,articles/2009/540-pg209.1_007.txt,2
articles/2009/541-pg209.2_008.txt,articles/2009/541-pg209.2_003.txt,2
articles/2009/542-pg209.3_011.txt,articles/2009/542-pg209.3_003.txt,2
articles/2009/542-pg209.3_012.txt,articles/2009/542-pg209.3_004.txt,2
articles/2009/543-pg210.1_001.txt,articles/2009/542-pg209.3_005.txt,2
articles/2009/542-pg209.3_015.txt,articles/2009/542-pg209.3_007.txt,2
articles/2009/544-pg210.2_018.txt,articles/2009/544-pg210.2_009.txt,2
articles/2009/545-pg210.3_014.txt,articles/2009/545-pg210.3_009.txt,2
articles/2009/546-pg211.1_001.txt,articles/2009/545-pg210.3_010.txt,2
articles/2009/546-pg211.1_003.txt,articles/2009/545-pg210.3_011.txt,2
articles/2009/546-pg211.1_002.txt,articles/2009/545-pg210.3_012.txt,2
articles/2009/547-pg211.2_003.txt,articles/2009/546-pg211.1_011.txt,2
articles/2009/547-pg211.2_006.txt,articles/2009/546-pg211.1_016.txt,2
articles/2009/547-pg211.2_002.txt,articles/2009/546-pg211.1_017.txt,2
articles/2009/547-pg211.2_014.txt,articles/2009/547-pg211.2_008.txt,2
articles/2009/547-pg211.2_013.txt,articles/2009/547-pg211.2_010.txt,2
articles/2009/548-pg211.3_013.txt,articles/2009/548-pg211.3_007.txt,2
articles/2009/548-pg211.3_012.txt,articles/2009/548-pg211.3_011.txt,2
articles/2009/549-pg212.1_012.txt,articles/2009/549-pg212.1_009.txt,2
articles/2009/550-pg212.2_010.txt,articles/2009/550-pg212.2_005.txt,2
articles/2009/550-pg212.2_011.txt,articles/2009/550-pg212.2_007.txt,2
articles/2009/551-pg212.3_002.txt,articles/2009/550-pg212.2_013.txt,2
articles/2009/552-pg213.1_004.txt,articles/2009/551-pg212.3_013.txt,2
articles/2009/552-pg213.1_003.txt,articles/2009/552-pg213.1_002.txt,2
articles/2009/552-pg213.1_016.txt,articles/2009/552-pg213.1_010.txt,2
articles/2009/553-pg213.2_018.txt,articles/2009/553-pg213.2_007.txt,2
articles/2009/554-pg213.3_012.txt,articles/2009/554-pg213.3_008.txt,2
articles/2009/555-pg214.1_001.txt,articles/2009/554-pg213.3_010.txt,2
articles/2009/555-pg214.1_016.txt,articles/2009/555-pg214.1_010.txt,2
articles/2009/555-pg214.1_018.txt,articles/2009/555-pg214.1_011.txt,2
articles/2009/556-pg214.2_018.txt,articles/2009/556-pg214.2_015.txt,2
articles/2009/557-pg214.3_007.txt,articles/2009/557-pg214.3_003.txt,2
articles/2009/558-pg215.1_009.txt,articles/2009/558-pg215.1_003.txt,2
articles/2009/559-pg215.2_009.txt,articles/2009/558-pg215.1_018.txt,2
articles/2009/560-pg215.3_010.txt,articles/2009/559-pg215.2_015.txt,2
articles/2009/560-pg215.3_008.txt,articles/2009/560-pg215.3_002.txt,2
articles/2009/560-pg215.3_009.txt,articles/2009/560-pg215.3_006.txt,2
articles/2009/561-pg216.1_008.txt,articles/2009/561-pg216.1_007.txt,2
articles/2009/562-pg216.2_006.txt,articles/2009/561-pg216.1_018.txt,2
articles/2009/563-pg216.3_009.txt,articles/2009/562-pg216.2_018.txt,2
articles/2009/563-pg216.3_008.txt,articles/2009/563-pg216.3_002.txt,2
articles/2009/563-pg216.3_007.txt,articles/2009/563-pg216.3_003.txt,2
articles/2009/563-pg216.3_010.txt,articles/2009/563-pg216.3_006.txt,2
articles/2009/564-pg217.1_014.txt,articles/2009/564-pg217.1_004.txt,2
articles/2009/564-pg217.1_013.txt,articles/2009/564-pg217.1_005.txt,2
articles/2009/564-pg217.1_010.txt,articles/2009/564-pg217.1_006.txt,2
articles/2009/564-pg217.1_012.txt,articles/2009/564-pg217.1_008.txt,2
articles/2009/564-pg217.1_011.txt,articles/2009/564-pg217.1_009.txt,2
articles/2009/565-pg217.2_015.txt,articles/2009/565-pg217.2_012.txt,2
articles/2009/566-pg217.3_010.txt,articles/2009/566-pg217.3_007.txt,2
articles/2009/568-pg218.2_010.txt,articles/2009/568-pg218.2_004.txt,2
articles/2009/569-pg218.3_012.txt,articles/2009/569-pg218.3_006.txt,2
articles/2009/569-pg218.3_013.txt,articles/2009/569-pg218.3_011.txt,2
articles/2009/570-pg219.1_012.txt,articles/2009/570-pg219.1_010.txt,2
articles/2009/571-pg219.2_011.txt,articles/2009/571-pg219.2_009.txt,2
articles/2009/572-pg219.3_007.txt,articles/2009/572-pg219.3_004.txt,2
articles/2009/574-pg220.2_009.txt,articles/2009/574-pg220.2_003.txt,2
articles/2009/574-pg220.2_007.txt,articles/2009/574-pg220.2_004.txt,2
articles/2009/575-pg220.3_008.txt,articles/2009/574-pg220.2_015.txt,2
articles/2009/575-pg220.3_007.txt,articles/2009/575-pg220.3_006.txt,2
articles/2009/576-pg221.1_001.txt,articles/2009/575-pg220.3_012.txt,2
articles/2009/577-pg221.2_003.txt,articles/2009/576-pg221.1_017.txt,2
articles/2009/579-pg222.1_001.txt,articles/2009/578-pg221.3_006.txt,2
articles/2009/578-pg221.3_012.txt,articles/2009/578-pg221.3_008.txt,2
articles/2009/578-pg221.3_011.txt,articles/2009/578-pg221.3_009.txt,2
articles/2009/579-pg222.1_017.txt,articles/2009/579-pg222.1_012.txt,2
articles/2009/585-pg224.1_004.txt,articles/2009/584-pg223.3_007.txt,2
articles/2009/585-pg224.1_003.txt,articles/2009/584-pg223.3_011.txt,2
articles/2009/585-pg224.1_002.txt,articles/2009/584-pg223.3_013.txt,2
articles/2009/586-pg224.2_001.txt,articles/2009/585-pg224.1_008.txt,2
articles/2009/586-pg224.2_012.txt,articles/2009/586-pg224.2_010.txt,2
articles/2009/587-pg224.3_001.txt,articles/2009/586-pg224.2_018.txt,2
articles/2009/588-pg225.1_017.txt,articles/2009/588-pg225.1_014.txt,2
articles/2009/590-pg225.3_002.txt,articles/2009/589-pg225.2_013.txt,2
articles/2009/590-pg225.3_003.txt,articles/2009/589-pg225.2_015.txt,2
articles/2009/591-pg226.1_007.txt,articles/2009/591-pg226.1_004.txt,2
articles/2009/592-pg226.2_002.txt,articles/2009/591-pg226.1_013.txt,2
articles/2009/593-pg226.3_008.txt,articles/2009/593-pg226.3_005.txt,2
articles/2009/593-pg226.3_012.txt,articles/2009/593-pg226.3_007.txt,2
articles/2009/596-pg138.2_005.txt,articles/2009/595-pg138.1_015.txt,2
articles/2009/596-pg138.2_004.txt,articles/2009/595-pg138.1_016.txt,2
articles/2009/597-pg138.3_012.txt,articles/2009/597-pg138.3_011.txt,2
articles/2009/598-pg139.1_014.txt,articles/2009/598-pg139.1_010.txt,2
articles/2009/599-pg139.2_011.txt,articles/2009/599-pg139.2_003.txt,2
articles/2009/599-pg139.2_012.txt,articles/2009/599-pg139.2_004.txt,2
articles/2009/599-pg139.2_010.txt,articles/2009/599-pg139.2_005.txt,2
articles/2009/599-pg139.2_009.txt,articles/2009/599-pg139.2_008.txt,2
articles/2009/600-pg139.3_006.txt,articles/2009/600-pg139.3_004.txt,2
articles/2009/601-pg140.1_012.txt,articles/2009/601-pg140.1_008.txt,2
articles/2009/602-pg140.2_014.txt,articles/2009/602-pg140.2_003.txt,2
articles/2009/602-pg140.2_011.txt,articles/2009/602-pg140.2_005.txt,2
articles/2009/603-pg140.3_009.txt,articles/2009/603-pg140.3_004.txt,2
articles/2009/604-pg141.1_018.txt,articles/2009/604-pg141.1_014.txt,2
articles/2009/605-pg141.2_008.txt,articles/2009/605-pg141.2_007.txt,2
articles/2009/606-pg141.3_002.txt,articles/2009/605-pg141.2_012.txt,2
articles/2009/606-pg141.3_014.txt,articles/2009/606-pg141.3_012.txt,2
articles/2009/606-pg141.3_015.txt,articles/2009/606-pg141.3_013.txt,2
articles/2009/607-pg142.1_014.txt,articles/2009/607-pg142.1_009.txt,2
articles/2009/608-pg142.2_016.txt,articles/2009/608-pg142.2_009.txt,2
articles/2009/610-pg143.1_007.txt,articles/2009/610-pg143.1_002.txt,2
articles/2009/610-pg143.1_005.txt,articles/2009/610-pg143.1_004.txt,2
articles/2009/610-pg143.1_018.txt,articles/2009/610-pg143.1_014.txt,2
articles/2009/611-pg143.2_018.txt,articles/2009/611-pg143.2_006.txt,2
articles/2009/613-pg144.1_014.txt,articles/2009/613-pg144.1_005.txt,2
articles/2009/613-pg144.1_010.txt,articles/2009/613-pg144.1_007.txt,2
articles/2009/613-pg144.1_011.txt,articles/2009/613-pg144.1_008.txt,2
articles/2009/614-pg144.2_006.txt,articles/2009/614-pg144.2_005.txt,2
articles/2009/614-pg144.2_015.txt,articles/2009/614-pg144.2_012.txt,2
articles/2009/614-pg144.2_014.txt,articles/2009/614-pg144.2_013.txt,2
articles/2009/615-pg144.3_004.txt,articles/2009/614-pg144.2_016.txt,2
articles/2009/615-pg144.3_005.txt,articles/2009/615-pg144.3_002.txt,2
articles/2009/617-pg145.2_017.txt,articles/2009/617-pg145.2_006.txt,2
articles/2009/618-pg145.3_001.txt,articles/2009/617-pg145.2_008.txt,2
articles/2009/617-pg145.2_013.txt,articles/2009/617-pg145.2_010.txt,2
articles/2009/619-pg146.1_005.txt,articles/2009/618-pg145.3_012.txt,2
articles/2009/620-pg146.2_005.txt,articles/2009/619-pg146.1_006.txt,2
articles/2009/620-pg146.2_006.txt,articles/2009/620-pg146.2_004.txt,2
articles/2009/621-pg146.3_003.txt,articles/2009/620-pg146.2_019.txt,2
articles/2009/624-pg147.3_007.txt,articles/2009/624-pg147.3_003.txt,2
articles/2009/624-pg147.3_008.txt,articles/2009/624-pg147.3_004.txt,2
articles/2009/626-pg148.2_015.txt,articles/2009/626-pg148.2_013.txt,2
articles/2009/628-pg149.1_009.txt,articles/2009/627-pg148.3_012.txt,2
articles/2009/629-pg149.2_010.txt,articles/2009/629-pg149.2_004.txt,2
articles/2009/629-pg149.2_012.txt,articles/2009/629-pg149.2_005.txt,2
articles/2009/629-pg149.2_009.txt,articles/2009/629-pg149.2_007.txt,2
articles/2009/630-pg149.3_003.txt,articles/2009/629-pg149.2_018.txt,2
articles/2009/631-pg150.1_014.txt,articles/2009/631-pg150.1_011.txt,2
articles/2009/632-pg150.2_006.txt,articles/2009/631-pg150.1_016.txt,2
articles/2009/633-pg150.3_014.txt,articles/2009/633-pg150.3_008.txt,2
articles/2009/633-pg150.3_013.txt,articles/2009/633-pg150.3_011.txt,2
articles/2009/635-pg151.2_011.txt,articles/2009/635-pg151.2_006.txt,2
articles/2009/635-pg151.2_010.txt,articles/2009/635-pg151.2_007.txt,2
articles/2009/636-pg151.3_006.txt,articles/2009/636-pg151.3_004.txt,2
articles/2009/637-pg152.1_006.txt,articles/2009/637-pg152.1_001.txt,2
articles/2009/637-pg152.1_005.txt,articles/2009/637-pg152.1_003.txt,2
articles/2009/637-pg152.1_018.txt,articles/2009/637-pg152.1_014.txt,2
articles/2009/638-pg152.2_014.txt,articles/2009/638-pg152.2_011.txt,2
articles/2009/639-pg152.3_002.txt,articles/2009/638-pg152.2_017.txt,2
articles/2009/639-pg152.3_009.txt,articles/2009/639-pg152.3_006.txt,2
articles/2009/640-pg153.1_001.txt,articles/2009/639-pg152.3_011.txt,2
articles/2009/641-pg153.2_011.txt,articles/2009/641-pg153.2_006.txt,2
articles/2009/641-pg153.2_010.txt,articles/2009/641-pg153.2_007.txt,2
articles/2009/642-pg153.3_011.txt,articles/2009/642-pg153.3_005.txt,2
articles/2009/645-pg154.3_005.txt,articles/2009/644-pg154.2_017.txt,2
articles/2009/645-pg154.3_006.txt,articles/2009/645-pg154.3_002.txt,2
articles/2009/646-pg155.1_005.txt,articles/2009/646-pg155.1_002.txt,2
articles/2009/646-pg155.1_011.txt,articles/2009/646-pg155.1_007.txt,2
articles/2009/646-pg155.1_010.txt,articles/2009/646-pg155.1_008.txt,2
articles/2009/646-pg155.1_016.txt,articles/2009/646-pg155.1_012.txt,2
articles/2009/647-pg155.2_012.txt,articles/2009/647-pg155.2_011.txt,2
articles/2009/650-pg156.2_009.txt,articles/2009/650-pg156.2_002.txt,2
articles/2009/650-pg156.2_010.txt,articles/2009/650-pg156.2_003.txt,2
articles/2009/651-pg156.3_001.txt,articles/2009/650-pg156.2_014.txt,2
articles/2009/652-pg157.1_004.txt,articles/2009/651-pg156.3_011.txt,2
articles/2009/652-pg157.1_011.txt,articles/2009/652-pg157.1_007.txt,2
articles/2009/655-pg158.1_002.txt,articles/2009/654-pg157.3_012.txt,2
articles/2009/656-pg158.2_011.txt,articles/2009/656-pg158.2_005.txt,2
articles/2009/656-pg158.2_012.txt,articles/2009/656-pg158.2_006.txt,2
articles/2009/658-pg159.1_006.txt,articles/2009/658-pg159.1_002.txt,2
articles/2009/658-pg159.1_005.txt,articles/2009/658-pg159.1_003.txt,2
articles/2009/659-pg159.2_006.txt,articles/2009/659-pg159.2_003.txt,2
articles/2009/660-pg159.3_010.txt,articles/2009/660-pg159.3_009.txt,2
articles/2009/661-pg160.1_013.txt,articles/2009/661-pg160.1_008.txt,2
articles/2009/661-pg160.1_012.txt,articles/2009/661-pg160.1_010.txt,2
articles/2010/263-pg117.3_007.txt,articles/2010/263-pg117.3_005.txt,2
articles/2010/269-pg119.3_011.txt,articles/2010/269-pg119.3_010.txt,2
articles/2010/270-pg120.1_008.txt,articles/2010/270-pg120.1_006.txt,2
articles/2010/272-pg120.3_004.txt,articles/2010/271-pg120.2_018.txt,2
articles/2010/272-pg120.3_003.txt,articles/2010/271-pg120.2_019.txt,2
articles/2010/273-pg121.1_003.txt,articles/2010/272-pg120.3_008.txt,2
articles/2010/274-pg121.2_001.txt,articles/2010/273-pg121.1_017.txt,3
articles/2010/274-pg121.2_002.txt,articles/2010/273-pg121.1_017.txt,3
articles/2010/274-pg121.2_016.txt,articles/2010/274-pg121.2_011.txt,2
articles/2010/278-pg122.3_006.txt,articles/2010/278-pg122.3_002.txt,2
articles/2010/279-pg123.1_012.txt,articles/2010/279-pg123.1_008.txt,2
articles/2010/281-pg123.3_005.txt,articles/2010/280-pg123.2_016.txt,2
articles/2010/281-pg123.3_006.txt,articles/2010/280-pg123.2_017.txt,2
articles/2010/281-pg123.3_001.txt,articles/2010/280-pg123.2_018.txt,2
articles/2010/281-pg123.3_012.txt,articles/2010/281-pg123.3_008.txt,2
articles/2010/281-pg123.3_011.txt,articles/2010/281-pg123.3_009.txt,2
articles/2010/282-pg124.1_006.txt,articles/2010/282-pg124.1_004.txt,2
articles/2010/283-pg124.2_007.txt,articles/2010/283-pg124.2_006.txt,2
articles/2010/284-pg124.3_013.txt,articles/2010/284-pg124.3_010.txt,2
articles/2010/285-pg125.1_004.txt,articles/2010/285-pg125.1_003.txt,2
articles/2010/286-pg125.2_005.txt,articles/2010/286-pg125.2_003.txt,2
articles/2010/286-pg125.2_016.txt,articles/2010/286-pg125.2_014.txt,2
articles/2010/288-pg126.1_011.txt,articles/2010/288-pg126.1_008.txt,2
articles/2010/289-pg126.2_001.txt,articles/2010/288-pg126.1_014.txt,2
articles/2010/289-pg126.2_009.txt,articles/2010/289-pg126.2_003.txt,2
articles/2010/289-pg126.2_016.txt,articles/2010/289-pg126.2_014.txt,2
articles/2010/290-pg126.3_012.txt,articles/2010/290-pg126.3_009.txt,2
articles/2010/292-pg127.2_015.txt,articles/2010/292-pg127.2_012.txt,2
articles/2010/293-pg127.3_002.txt,articles/2010/292-pg127.2_017.txt,2
articles/2010/295-pg128.2_007.txt,articles/2010/295-pg128.2_005.txt,2
articles/2010/296-pg128.3_006.txt,articles/2010/296-pg128.3_004.txt,2
articles/2010/296-pg128.3_007.txt,articles/2010/296-pg128.3_005.txt,2
articles/2010/297-pg129.1_001.txt,articles/2010/296-pg128.3_012.txt,2
articles/2010/297-pg129.1_006.txt,articles/2010/297-pg129.1_005.txt,2
articles/2010/297-pg129.1_018.txt,articles/2010/297-pg129.1_014.txt,2
articles/2010/297-pg129.1_017.txt,articles/2010/297-pg129.1_015.txt,2
articles/2010/298-pg129.2_018.txt,articles/2010/298-pg129.2_015.txt,2
articles/2010/299-pg129.3_006.txt,articles/2010/299-pg129.3_005.txt,2
articles/2010/301-pg130.2_004.txt,articles/2010/300-pg130.1_017.txt,2
articles/2010/302-pg130.3_007.txt,articles/2010/302-pg130.3_006.txt,2
articles/2010/304-pg42.1_006.txt,articles/2010/304-pg42.1_005.txt,2
articles/2010/307-pg43.1_002.txt,articles/2010/306-pg42.3_008.txt,2
articles/2010/307-pg43.1_011.txt,articles/2010/307-pg43.1_007.txt,2
articles/2010/307-pg43.1_012.txt,articles/2010/307-pg43.1_008.txt,2
articles/2010/311-pg44.2_014.txt,articles/2010/311-pg44.2_010.txt,2
articles/2010/312-pg44.3_002.txt,articles/2010/311-pg44.2_017.txt,2
articles/2010/312-pg44.3_009.txt,articles/2010/312-pg44.3_005.txt,2
articles/2010/313-pg45.1_012.txt,articles/2010/313-pg45.1_009.txt,2
articles/2010/316-pg46.1_001.txt,articles/2010/315-pg45.3_011.txt,2
articles/2010/316-pg46.1_010.txt,articles/2010/316-pg46.1_008.txt,2
articles/2010/316-pg46.1_018.txt,articles/2010/316-pg46.1_015.txt,2
articles/2010/321-pg47.3_006.txt,articles/2010/321-pg47.3_001.txt,2
articles/2010/321-pg47.3_005.txt,articles/2010/321-pg47.3_004.txt,2
articles/2010/322-pg48.1_009.txt,articles/2010/322-pg48.1_005.txt,2
articles/2010/322-pg48.1_010.txt,articles/2010/322-pg48.1_007.txt,2
articles/2010/323-pg48.2_005.txt,articles/2010/323-pg48.2_002.txt,2
articles/2010/326-pg49.2_001.txt,articles/2010/325-pg49.1_015.txt,2
articles/2010/327-pg49.3_008.txt,articles/2010/327-pg49.3_006.txt,2
articles/2010/328-pg50.1_005.txt,articles/2010/328-pg50.1_001.txt,2
articles/2010/328-pg50.1_004.txt,articles/2010/328-pg50.1_002.txt,2
articles/2010/328-pg50.1_009.txt,articles/2010/328-pg50.1_008.txt,2
articles/2010/328-pg50.1_014.txt,articles/2010/328-pg50.1_010.txt,2
articles/2010/331-pg51.1_009.txt,articles/2010/331-pg51.1_006.txt,2
articles/2010/335-pg52.2_001.txt,articles/2010/334-pg52.1_015.txt,2
articles/2010/336-pg52.3_010.txt,articles/2010/336-pg52.3_005.txt,2
articles/2010/337-pg53.1_015.txt,articles/2010/337-pg53.1_005.txt,2
articles/2010/337-pg53.1_013.txt,articles/2010/337-pg53.1_006.txt,2
articles/2010/340-pg54.1_014.txt,articles/2010/340-pg54.1_010.txt,2
articles/2010/340-pg54.1_017.txt,articles/2010/340-pg54.1_015.txt,2
articles/2010/341-pg54.2_004.txt,articles/2010/341-pg54.2_001.txt,2
articles/2010/341-pg54.2_014.txt,articles/2010/341-pg54.2_011.txt,2
articles/2010/342-pg54.3_010.txt,articles/2010/342-pg54.3_006.txt,2
articles/2010/347-pg145.1_017.txt,articles/2010/347-pg145.1_013.txt,2
articles/2010/347-pg145.1_016.txt,articles/2010/347-pg145.1_014.txt,2
articles/2010/353-pg147.1_012.txt,articles/2010/353-pg147.1_009.txt,2
articles/2010/353-pg147.1_014.txt,articles/2010/353-pg147.1_010.txt,2
articles/2010/354-pg147.2_004.txt,articles/2010/354-pg147.2_002.txt,2
articles/2010/356-pg148.1_008.txt,articles/2010/356-pg148.1_001.txt,2
articles/2010/356-pg148.1_007.txt,articles/2010/356-pg148.1_002.txt,2
articles/2010/356-pg148.1_006.txt,articles/2010/356-pg148.1_003.txt,2
articles/2010/357-pg148.2_006.txt,articles/2010/357-pg148.2_004.txt,2
articles/2010/359-pg149.1_005.txt,articles/2010/358-pg148.3_012.txt,2
articles/2010/359-pg149.1_003.txt,articles/2010/358-pg148.3_013.txt,2
articles/2010/360-pg149.2_003.txt,articles/2010/359-pg149.1_019.txt,2
articles/2010/360-pg149.2_017.txt,articles/2010/360-pg149.2_008.txt,2
articles/2010/360-pg149.2_015.txt,articles/2010/360-pg149.2_012.txt,2
articles/2010/362-pg150.1_005.txt,articles/2010/362-pg150.1_001.txt,2
articles/2010/362-pg150.1_006.txt,articles/2010/362-pg150.1_003.txt,2
articles/2010/363-pg150.2_014.txt,articles/2010/363-pg150.2_007.txt,2
articles/2010/363-pg150.2_017.txt,articles/2010/363-pg150.2_008.txt,2
articles/2010/363-pg150.2_015.txt,articles/2010/363-pg150.2_010.txt,2
articles/2010/363-pg150.2_016.txt,articles/2010/363-pg150.2_011.txt,2
articles/2010/365-pg151.1_008.txt,articles/2010/365-pg151.1_002.txt,2
articles/2010/365-pg151.1_007.txt,articles/2010/365-pg151.1_003.txt,2
articles/2010/366-pg151.2_006.txt,articles/2010/366-pg151.2_004.txt,2
articles/2010/366-pg151.2_013.txt,articles/2010/366-pg151.2_009.txt,2
articles/2010/366-pg151.2_018.txt,articles/2010/366-pg151.2_014.txt,2
articles/2010/367-pg151.3_010.txt,articles/2010/367-pg151.3_007.txt,2
articles/2010/368-pg152.1_007.txt,articles/2010/368-pg152.1_006.txt,3
articles/2010/368-pg152.1_009.txt,articles/2010/368-pg152.1_006.txt,3
articles/2010/369-pg152.2_005.txt,articles/2010/368-pg152.1_016.txt,2
articles/2010/369-pg152.2_006.txt,articles/2010/369-pg152.2_002.txt,2
articles/2010/371-pg153.1_005.txt,articles/2010/371-pg153.1_003.txt,2
articles/2010/376-pg154.3_001.txt,articles/2010/375-pg154.2_019.txt,2
articles/2010/377-pg155.1_005.txt,articles/2010/376-pg154.3_011.txt,2
articles/2010/378-pg155.2_003.txt,articles/2010/378-pg155.2_002.txt,2
articles/2010/380-pg156.1_016.txt,articles/2010/380-pg156.1_009.txt,2
articles/2010/381-pg156.2_015.txt,articles/2010/381-pg156.2_010.txt,2
articles/2010/382-pg156.3_004.txt,articles/2010/382-pg156.3_001.txt,2
articles/2010/382-pg156.3_010.txt,articles/2010/382-pg156.3_009.txt,2
articles/2010/383-pg157.1_006.txt,articles/2010/383-pg157.1_002.txt,2
articles/2010/384-pg157.2_005.txt,articles/2010/383-pg157.1_014.txt,2
articles/2010/384-pg157.2_004.txt,articles/2010/383-pg157.1_019.txt,2
articles/2010/385-pg157.3_004.txt,articles/2010/384-pg157.2_016.txt,2
articles/2010/386-pg158.1_006.txt,articles/2010/386-pg158.1_003.txt,2
articles/2010/386-pg158.1_015.txt,articles/2010/386-pg158.1_013.txt,2
articles/2010/390-pg159.2_002.txt,articles/2010/389-pg159.1_014.txt,2
articles/2010/390-pg159.2_001.txt,articles/2010/389-pg159.1_015.txt,2
articles/2010/390-pg159.2_016.txt,articles/2010/390-pg159.2_012.txt,2
articles/2010/390-pg159.2_017.txt,articles/2010/390-pg159.2_013.txt,2
articles/2010/391-pg159.3_004.txt,articles/2010/391-pg159.3_002.txt,2
articles/2010/392-pg160.1_002.txt,articles/2010/391-pg159.3_007.txt,2
articles/2010/392-pg160.1_001.txt,articles/2010/391-pg159.3_008.txt,2
articles/2010/391-pg159.3_011.txt,articles/2010/391-pg159.3_010.txt,2
articles/2010/392-pg160.1_016.txt,articles/2010/392-pg160.1_009.txt,2
articles/2010/393-pg160.2_016.txt,articles/2010/393-pg160.2_010.txt,2
articles/2010/394-pg160.3_014.txt,articles/2010/394-pg160.3_005.txt,3
articles/2010/395-pg71.3_009.txt,articles/2010/394-pg160.3_005.txt,3
articles/2010/395-pg71.3_001.txt,articles/2010/394-pg160.3_006.txt,2
articles/2010/395-pg71.3_002.txt,articles/2010/394-pg160.3_007.txt,2
articles/2010/395-pg71.3_003.txt,articles/2010/394-pg160.3_008.txt,2
articles/2010/395-pg71.3_004.txt,articles/2010/394-pg160.3_009.txt,2
articles/2010/395-pg71.3_005.txt,articles/2010/394-pg160.3_010.txt,2
articles/2010/394-pg160.3_013.txt,articles/2010/394-pg160.3_011.txt,4
articles/2010/395-pg71.3_006.txt,articles/2010/394-pg160.3_011.txt,4
articles/2010/395-pg71.3_008.txt,articles/2010/394-pg160.3_011.txt,4
articles/2010/395-pg71.3_007.txt,articles/2010/394-pg160.3_012.txt,2
articles/2010/396-pg72.1_010.txt,articles/2010/396-pg72.1_001.txt,2
articles/2010/396-pg72.1_011.txt,articles/2010/396-pg72.1_004.txt,2
articles/2010/396-pg72.1_009.txt,articles/2010/396-pg72.1_006.txt,2
articles/2010/397-pg72.2_007.txt,articles/2010/397-pg72.2_003.txt,2
articles/2010/397-pg72.2_011.txt,articles/2010/397-pg72.2_009.txt,2
articles/2010/397-pg72.2_018.txt,articles/2010/397-pg72.2_014.txt,2
articles/2010/399-pg73.1_002.txt,articles/2010/398-pg72.3_009.txt,2
articles/2010/399-pg73.1_001.txt,articles/2010/398-pg72.3_011.txt,2
articles/2010/399-pg73.1_018.txt,articles/2010/399-pg73.1_008.txt,2
articles/2010/399-pg73.1_017.txt,articles/2010/399-pg73.1_014.txt,2
articles/2010/400-pg73.2_016.txt,articles/2010/400-pg73.2_012.txt,2
articles/2010/400-pg73.2_017.txt,articles/2010/400-pg73.2_015.txt,2
articles/2010/401-pg73.3_012.txt,articles/2010/401-pg73.3_010.txt,2
articles/2010/402-pg74.1_016.txt,articles/2010/402-pg74.1_013.txt,2
articles/2010/403-pg74.2_010.txt,articles/2010/403-pg74.2_008.txt,2
articles/2010/404-pg74.3_012.txt,articles/2010/404-pg74.3_007.txt,2
articles/2010/405-pg75.1_009.txt,articles/2010/405-pg75.1_007.txt,2
articles/2010/406-pg75.2_015.txt,articles/2010/406-pg75.2_011.txt,2
articles/2010/408-pg76.1_003.txt,articles/2010/408-pg76.1_001.txt,2
articles/2010/409-pg76.2_013.txt,articles/2010/409-pg76.2_004.txt,2
articles/2010/409-pg76.2_011.txt,articles/2010/409-pg76.2_005.txt,2
articles/2010/409-pg76.2_012.txt,articles/2010/409-pg76.2_006.txt,2
articles/2010/409-pg76.2_010.txt,articles/2010/409-pg76.2_009.txt,2
articles/2010/411-pg77.1_011.txt,articles/2010/411-pg77.1_009.txt,2
articles/2010/413-pg77.3_003.txt,articles/2010/412-pg77.2_016.txt,2
articles/2010/414-pg78.1_010.txt,articles/2010/414-pg78.1_005.txt,2
articles/2010/415-pg78.2_001.txt,articles/2010/414-pg78.1_018.txt,2
articles/2010/415-pg78.2_016.txt,articles/2010/415-pg78.2_013.txt,2
articles/2010/415-pg78.2_017.txt,articles/2010/415-pg78.2_014.txt,2
articles/2010/415-pg78.2_018.txt,articles/2010/415-pg78.2_015.txt,2
articles/2010/417-pg79.1_016.txt,articles/2010/417-pg79.1_012.txt,2
articles/2011/169-pg56.2_004.txt,articles/2011/169-pg56.2_003.txt,2
articles/2011/169-pg56.2_009.txt,articles/2011/169-pg56.2_008.txt,2
articles/2011/170-pg56.3_002.txt,articles/2011/169-pg56.2_015.txt,2
articles/2011/170-pg56.3_004.txt,articles/2011/169-pg56.2_017.txt,2
articles/2011/170-pg56.3_003.txt,articles/2011/170-pg56.3_001.txt,2
articles/2011/170-pg56.3_011.txt,articles/2011/170-pg56.3_010.txt,2
articles/2011/170-pg56.3_015.txt,articles/2011/170-pg56.3_012.txt,2
articles/2011/171-pg57.1_008.txt,articles/2011/171-pg57.1_007.txt,2
articles/2011/171-pg57.1_015.txt,articles/2011/171-pg57.1_012.txt,2
articles/2011/171-pg57.1_016.txt,articles/2011/171-pg57.1_013.txt,2
articles/2011/172-pg57.2_013.txt,articles/2011/172-pg57.2_011.txt,2
articles/2011/173-pg57.3_002.txt,articles/2011/172-pg57.2_016.txt,2
articles/2011/173-pg57.3_003.txt,articles/2011/172-pg57.2_017.txt,2
articles/2011/173-pg57.3_001.txt,articles/2011/172-pg57.2_019.txt,2
articles/2011/174-pg58.1_001.txt,articles/2011/173-pg57.3_015.txt,2
articles/2011/174-pg58.1_008.txt,articles/2011/174-pg58.1_002.txt,2
articles/2011/174-pg58.1_007.txt,articles/2011/174-pg58.1_006.txt,2
articles/2011/174-pg58.1_010.txt,articles/2011/174-pg58.1_009.txt,2
articles/2011/175-pg58.2_004.txt,articles/2011/175-pg58.2_002.txt,2
articles/2011/175-pg58.2_008.txt,articles/2011/175-pg58.2_006.txt,2
articles/2011/175-pg58.3_011.txt,articles/2011/175-pg58.3_010.txt,2
articles/2011/175-pg58.3_014.txt,articles/2011/175-pg58.3_012.txt,2
articles/2011/176-pg59.1_008.txt,articles/2011/176-pg59.1_005.txt,2
articles/2011/178-pg59.3_001.txt,articles/2011/177-pg59.2_017.txt,2
articles/2011/178-pg59.3_007.txt,articles/2011/178-pg59.3_003.txt,2
articles/2011/178-pg59.3_008.txt,articles/2011/178-pg59.3_004.txt,2
articles/2011/179-pg60.1_006.txt,articles/2011/179-pg60.1_004.txt,2
articles/2011/179-pg60.1_015.txt,articles/2011/179-pg60.1_013.txt,2
articles/2011/180-pg5.1_004.txt,articles/2011/180-pg5.1_002.txt,2
articles/2011/180-pg5.1_005.txt,articles/2011/180-pg5.1_003.txt,2
articles/2011/181-pg5.2_008.txt,articles/2011/181-pg5.2_007.txt,2
articles/2011/181-pg5.2_013.txt,articles/2011/181-pg5.2_011.txt,2
articles/2011/183-pg6.1_002.txt,articles/2011/182-pg5.3_011.txt,2
articles/2011/183-pg6.1_010.txt,articles/2011/183-pg6.1_007.txt,2
articles/2011/183-pg6.1_009.txt,articles/2011/183-pg6.1_008.txt,2
articles/2011/183-pg6.1_016.txt,articles/2011/183-pg6.1_014.txt,2
articles/2011/184-pg6.2_008.txt,articles/2011/184-pg6.2_007.txt,2
articles/2011/185-pg6.3_003.txt,articles/2011/185-pg6.3_002.txt,2
articles/2011/185-pg6.3_007.txt,articles/2011/185-pg6.3_004.txt,2
articles/2011/186-pg7.1_005.txt,articles/2011/186-pg7.1_002.txt,2
articles/2011/188-pg7.3_007.txt,articles/2011/188-pg7.3_005.txt,2
articles/2011/188-pg7.3_014.txt,articles/2011/188-pg7.3_011.txt,2
articles/2011/189-pg8.1_007.txt,articles/2011/189-pg8.1_005.txt,2
articles/2011/190-pg8.2_009.txt,articles/2011/190-pg8.2_006.txt,2
articles/2011/191-pg8.3_014.txt,articles/2011/191-pg8.3_013.txt,2
articles/2011/193-pg9.2_004.txt,articles/2011/193-pg9.2_003.txt,2
articles/2011/195-10.1_015.txt,articles/2011/195-10.1_013.txt,2
articles/2011/196-pg10.2_006.txt,articles/2011/196-pg10.2_002.txt,2
articles/2011/196-pg10.2_013.txt,articles/2011/196-pg10.2_010.txt,2
articles/2011/197-pg10.3_009.txt,articles/2011/197-pg10.3_008.txt,2
articles/2011/197-pg10.3_013.txt,articles/2011/197-pg10.3_012.txt,2
articles/2011/198-pg11.1_009.txt,articles/2011/198-pg11.1_007.txt,2
articles/2011/199pg11.2_007.txt,articles/2011/199pg11.2_006.txt,2
articles/2011/201-pg12.1_002.txt,articles/2011/200-pg11.3_010.txt,2
articles/2011/201-pg12.1_001.txt,articles/2011/200-pg11.3_011.txt,2
articles/2011/201-pg12.1_015.txt,articles/2011/201-pg12.1_014.txt,2
articles/2011/202-pg12.2_005.txt,articles/2011/202-pg12.2_002.txt,2
articles/2011/202-pg12.2_015.txt,articles/2011/202-pg12.2_014.txt,2
articles/2011/204-pg13.1_009.txt,articles/2011/204-pg13.1_004.txt,2
articles/2011/204-pg13.1_008.txt,articles/2011/204-pg13.1_006.txt,2
articles/2011/204-pg13.1_014.txt,articles/2011/204-pg13.1_012.txt,2
articles/2011/205-pg13.2_006.txt,articles/2011/205-pg13.2_004.txt,2
articles/2011/205-pg13.2_010.txt,articles/2011/205-pg13.2_008.txt,2
articles/2011/206-pg13.3_013.txt,articles/2011/206-pg13.3_009.txt,2
articles/2011/208-pg14.2_003.txt,articles/2011/207-pg14.1_018.txt,2
articles/2011/208-pg14.2_011.txt,articles/2011/208-pg14.2_010.txt,2
articles/2011/210-pg15.1_005.txt,articles/2011/210-pg15.1_002.txt,2
articles/2011/210-pg15.1_007.txt,articles/2011/210-pg15.1_006.txt,2
articles/2011/210-pg15.1_013.txt,articles/2011/210-pg15.1_012.txt,2
articles/2011/224-pg16.2_006.txt,articles/2011/224-pg16.2_005.txt,2
articles/2011/224-pg16.2_011.txt,articles/2011/224-pg16.2_010.txt,2
articles/2011/225-pg16.3_001.txt,articles/2011/224-pg16.2_017.txt,2
articles/2011/227-pg17.2_015.txt,articles/2011/227-pg17.2_012.txt,2
articles/2011/228-pg17.3_007.txt,articles/2011/228-pg17.3_006.txt,2
articles/2011/229-pg18.1_008.txt,articles/2011/229-pg18.1_007.txt,2
articles/2011/231-pg18.3_004.txt,articles/2011/231-pg18.3_002.txt,2
articles/2011/233-pg19.2_011.txt,articles/2011/233-pg19.2_010.txt,3
articles/2011/233-pg19.2_013.txt,articles/2011/233-pg19.2_010.txt,3
articles/2011/235-pg20.1_014.txt,articles/2011/235-pg20.1_010.txt,2
articles/2011/236-pg20.2_007.txt,articles/2011/236-pg20.2_003.txt,2
articles/2011/236-pg20.2_017.txt,articles/2011/236-pg20.2_014.txt,2
articles/2011/252-pg114.1_011.txt,articles/2011/238-pg25.1_001.txt,2
articles/2011/252-pg114.1_012.txt,articles/2011/238-pg25.1_002.txt,2
articles/2011/252-pg114.1_013.txt,articles/2011/238-pg25.1_003.txt,2
articles/2011/252-pg114.1_014.txt,articles/2011/238-pg25.1_004.txt,2
articles/2011/252-pg114.1_015.txt,articles/2011/238-pg25.1_005.txt,2
articles/2011/252-pg114.1_016.txt,articles/2011/238-pg25.1_006.txt,2
articles/2011/252-pg114.1_017.txt,articles/2011/238-pg25.1_007.txt,2
articles/2011/252-pg114.1_018.txt,articles/2011/238-pg25.1_008.txt,2
articles/2011/253-pg114.2_001.txt,articles/2011/238-pg25.1_009.txt,2
articles/2011/253-pg114.2_002.txt,articles/2011/238-pg25.1_010.txt,2
articles/2011/253-pg114.2_003.txt,articles/2011/238-pg25.1_011.txt,2
articles/2011/253-pg114.2_004.txt,articles/2011/238-pg25.1_012.txt,2
articles/2011/253-pg114.2_005.txt,articles/2011/238-pg25.1_013.txt,2
articles/2011/253-pg114.2_006.txt,articles/2011/238-pg25.1_014.txt,2
articles/2011/253-pg114.2_007.txt,articles/2011/238-pg25.1_015.txt,2
articles/2011/253-pg114.2_008.txt,articles/2011/238-pg25.1_016.txt,2
articles/2011/253-pg114.2_009.txt,articles/2011/238-pg25.1_017.txt,2
articles/2011/253-pg114.2_010.txt,articles/2011/239-pg25.2_001.txt,2
articles/2011/253-pg114.2_011.txt,articles/2011/239-pg25.2_002.txt,2
articles/2011/253-pg114.2_012.txt,articles/2011/239-pg25.2_003.txt,2
articles/2011/253-pg114.2_013.txt,articles/2011/239-pg25.2_004.txt,2
articles/2011/253-pg114.2_014.txt,articles/2011/239-pg25.2_005.txt,2
articles/2011/253-pg114.2_015.txt,articles/2011/239-pg25.2_006.txt,2
articles/2011/253-pg114.2_016.txt,articles/2011/239-pg25.2_007.txt,2
articles/2011/253-pg114.2_017.txt,articles/2011/239-pg25.2_008.txt,2
articles/2011/254-pg114.3_001.txt,articles/2011/239-pg25.2_009.txt,2
articles/2011/254-pg114.3_002.txt,articles/2011/239-pg25.2_010.txt,2
articles/2011/254-pg114.3_003.txt,articles/2011/239-pg25.2_011.txt,2
articles/2011/254-pg114.3_004.txt,articles/2011/239-pg25.2_012.txt,2
articles/2011/254-pg114.3_005.txt,articles/2011/239-pg25.2_013.txt,2
articles/2011/254-pg114.3_006.txt,articles/2011/239-pg25.2_014.txt,2
articles/2011/254-pg114.3_007.txt,articles/2011/239-pg25.2_015.txt,2
articles/2011/254-pg114.3_008.txt,articles/2011/239-pg25.2_016.txt,3
articles/2011/254-pg114.3_010.txt,articles/2011/239-pg25.2_016.txt,3
articles/2011/254-pg114.3_009.txt,articles/2011/239-pg25.2_017.txt,2
articles/2011/254-pg114.3_011.txt,articles/2011/239-pg25.2_018.txt,2
articles/2011/254-pg114.3_012.txt,articles/2011/240-pg25.3_001.txt,2
articles/2011/254-pg114.3_013.txt,articles/2011/240-pg25.3_002.txt,2
articles/2011/254-pg114.3_014.txt,articles/2011/240-pg25.3_003.txt,2
articles/2011/254-pg114.3_015.txt,articles/2011/240-pg25.3_004.txt,2
articles/2011/255-pg115.1_001.txt,articles/2011/240-pg25.3_005.txt,2
articles/2011/255-pg115.1_002.txt,articles/2011/240-pg25.3_006.txt,2
articles/2011/255-pg115.1_003.txt,articles/2011/240-pg25.3_007.txt,2
articles/2011/255-pg115.1_004.txt,articles/2011/240-pg25.3_008.txt,2
articles/2011/255-pg115.1_005.txt,articles/2011/240-pg25.3_009.txt,2
articles/2011/255-pg115.1_006.txt,articles/2011/240-pg25.3_010.txt,2
articles/2011/255-pg115.1_007.txt,articles/2011/240-pg25.3_011.txt,2
articles/2011/255-pg115.1_008.txt,articles/2011/240-pg25.3_012.txt,2
articles/2011/255-pg115.1_009.txt,articles/2011/240-pg25.3_013.txt,2
articles/2011/241-pg110.1_004.txt,articles/2011/241-pg110.1_003.txt,3
articles/2011/241-pg110.1_005.txt,articles/2011/241-pg110.1_003.txt,3
articles/2011/241-pg110.2_010.txt,articles/2011/241-pg110.2_008.txt,2
articles/2011/243-pg111.1_011.txt,articles/2011/243-pg111.1_010.txt,2
articles/2011/245-pg111.3_001.txt,articles/2011/244-pg111.2_017.txt,3
articles/2011/245-pg111.3_003.txt,articles/2011/244-pg111.2_017.txt,3
articles/2011/245-pg111.3_007.txt,articles/2011/245-pg111.3_004.txt,2
articles/2011/246-pg112.1_002.txt,articles/2011/245-pg111.3_011.txt,2
articles/2011/246-pg112.1_007.txt,articles/2011/246-pg112.1_005.txt,2
articles/2011/247-pg112.2_001.txt,articles/2011/246-pg112.1_017.txt,2
articles/2011/248-pg112.3_005.txt,articles/2011/248-pg112.3_002.txt,2
articles/2011/249-pg113.1_010.txt,articles/2011/249-pg113.1_009.txt,2
articles/2011/250-pg113.2_006.txt,articles/2011/250-pg113.2_003.txt,2
articles/2011/250-pg113.2_007.txt,articles/2011/250-pg113.2_004.txt,2
articles/2011/250-pg113.2_018.txt,articles/2011/250-pg113.2_014.txt,2
articles/2011/250-pg113.2_017.txt,articles/2011/250-pg113.2_015.txt,2
articles/2011/252-pg114.1_009.txt,articles/2011/252-pg114.1_007.txt,2
articles/2011/256-pg115.2_003.txt,articles/2011/255-pg115.1_015.txt,2
articles/2011/256-pg115.2_001.txt,articles/2011/255-pg115.1_016.txt,2
articles/2011/256-pg115.2_002.txt,articles/2011/255-pg115.1_017.txt,2
articles/2011/257-pg115.3_005.txt,articles/2011/257-pg115.3_002.txt,2
articles/2011/257-pg115.3_004.txt,articles/2011/257-pg115.3_003.txt,2
articles/2011/258-pg116.1_005.txt,articles/2011/257-pg115.3_015.txt,2
articles/2011/258-pg116.1_006.txt,articles/2011/258-pg116.1_002.txt,2
articles/2011/259-pg116.2_005.txt,articles/2011/259-pg116.2_002.txt,2
articles/2011/259-pg116.2_004.txt,articles/2011/259-pg116.2_003.txt,2
articles/2012/100-pg33.2_009.txt,articles/2012/100-pg33.2_007.txt,2
articles/2012/103-pg34.2_005.txt,articles/2012/103-pg34.2_004.txt,2
articles/2012/103-pg34.2_011.txt,articles/2012/103-pg34.2_009.txt,2
articles/2012/103-pg34.2_017.txt,articles/2012/103-pg34.2_015.txt,2
articles/2012/104-pg34.3_012.txt,articles/2012/104-pg34.3_011.txt,5
articles/2012/104-pg34.3_013.txt,articles/2012/104-pg34.3_011.txt,5
articles/2012/104-pg34.3_014.txt,articles/2012/104-pg34.3_011.txt,5
articles/2012/105-pg35.1_001.txt,articles/2012/104-pg34.3_011.txt,5
articles/2012/106-pg35.2_005.txt,articles/2012/106-pg35.2_004.txt,2
articles/2012/106-pg35.2_011.txt,articles/2012/106-pg35.2_006.txt,2
articles/2012/107-pg35.3_002.txt,articles/2012/106-pg35.2_012.txt,2
articles/2012/107-pg35.3_001.txt,articles/2012/106-pg35.2_015.txt,2
articles/2012/106-pg35.2_018.txt,articles/2012/106-pg35.2_017.txt,2
articles/2012/107-pg35.3_012.txt,articles/2012/107-pg35.3_011.txt,2
articles/2012/109-pg36.2_005.txt,articles/2012/109-pg36.2_004.txt,4
articles/2012/109-pg36.2_006.txt,articles/2012/109-pg36.2_004.txt,4
articles/2012/109-pg36.2_007.txt,articles/2012/109-pg36.2_004.txt,4
articles/2012/110-pg36.3_001.txt,articles/2012/109-pg36.2_017.txt,3
articles/2012/110-pg36.3_003.txt,articles/2012/109-pg36.2_017.txt,3
articles/2012/110-pg36.3_002.txt,articles/2012/109-pg36.2_018.txt,2
articles/2012/110-pg36.3_005.txt,articles/2012/110-pg36.3_004.txt,2
articles/2012/110-pg36.3_008.txt,articles/2012/110-pg36.3_006.txt,2
articles/2012/110-pg36.3_012.txt,articles/2012/110-pg36.3_009.txt,2
articles/2012/111-pg37.1_004.txt,articles/2012/110-pg36.3_013.txt,2
articles/2012/111-pg37.1_003.txt,articles/2012/111-pg37.1_001.txt,2
articles/2012/111-pg37.1_015.txt,articles/2012/111-pg37.1_014.txt,2
articles/2012/112-pg37.2_006.txt,articles/2012/112-pg37.2_004.txt,2
articles/2012/112-pg37.2_009.txt,articles/2012/112-pg37.2_007.txt,2
articles/2012/112-pg37.2_018.txt,articles/2012/112-pg37.2_015.txt,2
articles/2012/114-pg38.1_008.txt,articles/2012/114-pg38.1_007.txt,2
articles/2012/114-pg38.1_010.txt,articles/2012/114-pg38.1_009.txt,2
articles/2012/115-pg38.2_002.txt,articles/2012/114-pg38.1_019.txt,2
articles/2012/115-pg38.2_015.txt,articles/2012/115-pg38.2_013.txt,2
articles/2012/116-pg38.3_002.txt,articles/2012/115-pg38.2_016.txt,2
articles/2012/116-pg38.3_009.txt,articles/2012/116-pg38.3_004.txt,2
articles/2012/116-pg38.3_010.txt,articles/2012/116-pg38.3_005.txt,2
articles/2012/117-pg39.1_002.txt,articles/2012/117-pg39.1_001.txt,2
articles/2012/118-pg39.2_004.txt,articles/2012/118-pg39.2_001.txt,2
articles/2012/118-pg39.2_005.txt,articles/2012/118-pg39.2_002.txt,2
articles/2012/118-pg39.2_017.txt,articles/2012/118-pg39.2_012.txt,2
articles/2012/118-pg39.2_014.txt,articles/2012/118-pg39.2_013.txt,2
articles/2012/119-pg39.3_005.txt,articles/2012/119-pg39.3_003.txt,2
articles/2012/119-pg39.3_010.txt,articles/2012/119-pg39.3_008.txt,2
articles/2012/120-pg40.1_011.txt,articles/2012/120-pg40.1_008.txt,2
articles/2012/120-pg40.1_018.txt,articles/2012/120-pg40.1_016.txt,2
articles/2012/121-pg40.2_007.txt,articles/2012/121-pg40.2_006.txt,2
articles/2012/121-pg40.2_016.txt,articles/2012/121-pg40.2_010.txt,2
articles/2012/121-pg40.2_014.txt,articles/2012/121-pg40.2_011.txt,2
articles/2012/121-pg40.2_015.txt,articles/2012/121-pg40.2_012.txt,2
articles/2012/122-pg40.3_001.txt,articles/2012/121-pg40.2_018.txt,2
articles/2012/122-pg40.3_002.txt,articles/2012/121-pg40.2_019.txt,2
articles/2012/122-pg40.3_006.txt,articles/2012/122-pg40.3_005.txt,2
articles/2012/123-pg41.1_014.txt,articles/2012/123-pg41.1_012.txt,2
articles/2012/124-pg41.2_004.txt,articles/2012/123-pg41.1_016.txt,2
articles/2012/124-pg41.2_007.txt,articles/2012/124-pg41.2_005.txt,2
articles/2012/124-pg41.2_014.txt,articles/2012/124-pg41.2_013.txt,2
articles/2012/126-pg42.1_003.txt,articles/2012/126-pg42.1_001.txt,2
articles/2012/126-pg42.1_009.txt,articles/2012/126-pg42.1_004.txt,2
articles/2012/126-pg42.1_014.txt,articles/2012/126-pg42.1_011.txt,2
articles/2012/127-pg42.2_006.txt,articles/2012/127-pg42.2_002.txt,2
articles/2012/127-pg42.2_016.txt,articles/2012/127-pg42.2_015.txt,2
articles/2012/129-pg43.1_003.txt,articles/2012/128-pg42.3_011.txt,2
articles/2012/129-pg43.1_002.txt,articles/2012/128-pg42.3_014.txt,2
articles/2012/129-pg43.1_018.txt,articles/2012/129-pg43.1_014.txt,2
articles/2012/130-pg43.2_017.txt,articles/2012/130-pg43.2_008.txt,3
articles/2012/131-pg43.3_001.txt,articles/2012/130-pg43.2_008.txt,3
articles/2012/131-pg43.3_003.txt,articles/2012/131-pg43.3_002.txt,2
articles/2012/131-pg43.3_008.txt,articles/2012/131-pg43.3_007.txt,2
articles/2012/132-pg44.1_007.txt,articles/2012/132-pg44.1_003.txt,2
articles/2012/132-pg44.1_006.txt,articles/2012/132-pg44.1_005.txt,2
articles/2012/133-pg44.2_002.txt,articles/2012/132-pg44.1_018.txt,2
articles/2012/133-pg44.2_015.txt,articles/2012/133-pg44.2_010.txt,2
articles/2012/133-pg44.2_014.txt,articles/2012/133-pg44.2_011.txt,2
articles/2012/133-pg44.2_013.txt,articles/2012/133-pg44.2_012.txt,2
articles/2012/133-pg44.2_017.txt,articles/2012/133-pg44.2_016.txt,2
articles/2012/134-pg44.3_002.txt,articles/2012/133-pg44.2_018.txt,2
articles/2012/134-pg44.3_003.txt,articles/2012/133-pg44.2_019.txt,2
articles/2012/135-pg45.1_002.txt,articles/2012/134-pg44.3_013.txt,2
articles/2012/135-pg45.1_005.txt,articles/2012/135-pg45.1_001.txt,2
articles/2012/135-pg45.1_018.txt,articles/2012/135-pg45.1_011.txt,2
articles/2012/135-pg45.1_016.txt,articles/2012/135-pg45.1_013.txt,2
articles/2012/136-pg45.2_008.txt,articles/2012/136-pg45.2_006.txt,2
articles/2012/137-pg45.3_001.txt,articles/2012/136-pg45.2_018.txt,2
articles/2012/137-pg45.3_010.txt,articles/2012/137-pg45.3_007.txt,2
articles/2012/137-pg45.3_011.txt,articles/2012/137-pg45.3_008.txt,2
articles/2012/138-pg46.1_001.txt,articles/2012/137-pg45.3_014.txt,2
articles/2012/138-pg46.1_005.txt,articles/2012/138-pg46.1_003.txt,2
articles/2012/138-pg46.1_016.txt,articles/2012/138-pg46.1_013.txt,2
articles/2012/139-pg46.2_015.txt,articles/2012/139-pg46.2_013.txt,2
articles/2012/140-pg46.3_008.txt,articles/2012/140-pg46.3_007.txt,2
articles/2012/142-pg47.2_013.txt,articles/2012/142-pg47.2_012.txt,2
articles/2012/142-pg47.2_017.txt,articles/2012/142-pg47.2_015.txt,2
articles/2012/142-pg47.2_018.txt,articles/2012/142-pg47.2_016.txt,2
articles/2012/143-pg47.3_005.txt,articles/2012/143-pg47.3_002.txt,2
articles/2012/144-pg48.1_016.txt,articles/2012/144-pg48.1_014.txt,2
articles/2012/145-pg48.2_006.txt,articles/2012/145-pg48.2_003.txt,2
articles/2012/145-pg48.2_017.txt,articles/2012/145-pg48.2_016.txt,2
articles/2012/147-pg49.1_013.txt,articles/2012/147-pg49.1_011.txt,2
articles/2012/148-pg49.2_001.txt,articles/2012/147-pg49.1_017.txt,2
articles/2012/148-pg49.2_003.txt,articles/2012/147-pg49.1_018.txt,2
articles/2012/148-pg49.2_008.txt,articles/2012/148-pg49.2_006.txt,2
articles/2012/148-pg49.2_015.txt,articles/2012/148-pg49.2_012.txt,2
articles/2012/150-pg50.1_005.txt,articles/2012/150-pg50.1_002.txt,2
articles/2012/150-pg50.1_006.txt,articles/2012/150-pg50.1_003.txt,2
articles/2012/150-pg50.1_008.txt,articles/2012/150-pg50.1_007.txt,2
articles/2012/150-pg50.1_011.txt,articles/2012/150-pg50.1_010.txt,2
articles/2012/150-pg50.1_014.txt,articles/2012/150-pg50.1_012.txt,2
articles/2012/151-pg50.2_009.txt,articles/2012/151-pg50.2_008.txt,2
articles/2012/151-pg50.2_017.txt,articles/2012/151-pg50.2_015.txt,2
articles/2012/151-pg50.2_020.txt,articles/2012/151-pg50.2_019.txt,2
articles/2012/152-pg50.3_013.txt,articles/2012/152-pg50.3_012.txt,2
articles/2012/154-pg51.2_004.txt,articles/2012/154-pg51.2_003.txt,2
articles/2012/154-pg51.2_006.txt,articles/2012/154-pg51.2_005.txt,2
articles/2012/154-pg51.2_011.txt,articles/2012/154-pg51.2_007.txt,2
articles/2012/154-pg51.2_009.txt,articles/2012/154-pg51.2_008.txt,3
articles/2012/154-pg51.2_010.txt,articles/2012/154-pg51.2_008.txt,3
articles/2012/154-pg51.2_016.txt,articles/2012/154-pg51.2_015.txt,2
articles/2012/155-pg51.3_013.txt,articles/2012/155-pg51.3_008.txt,2
articles/2012/155-pg51.3_012.txt,articles/2012/155-pg51.3_011.txt,2
articles/2012/156-pg52.1_010.txt,articles/2012/156-pg52.1_009.txt,2
articles/2012/157-pg52.2_007.txt,articles/2012/157-pg52.2_004.txt,2
articles/2012/158-pg52.3_008.txt,articles/2012/158-pg52.3_006.txt,2
articles/2012/159-pg53.1_009.txt,articles/2012/159-pg53.1_006.txt,2
articles/2012/159-pg53.1_016.txt,articles/2012/159-pg53.1_014.txt,2
articles/2012/160-pg53.2_003.txt,articles/2012/159-pg53.1_018.txt,2
articles/2012/160-pg53.2_004.txt,articles/2012/160-pg53.2_001.txt,2
articles/2012/161-pg53.3_001.txt,articles/2012/160-pg53.2_014.txt,2
articles/2012/161-pg53.3_004.txt,articles/2012/161-pg53.3_003.txt,2
articles/2012/161-pg53.3_014.txt,articles/2012/161-pg53.3_013.txt,2
articles/2012/162-pg54.1_002.txt,articles/2012/162-pg54.1_001.txt,2
articles/2012/163-pg54.2_007.txt,articles/2012/163-pg54.2_003.txt,2
articles/2012/163-pg54.2_008.txt,articles/2012/163-pg54.2_005.txt,2
articles/2012/163-pg54.2_012.txt,articles/2012/163-pg54.2_011.txt,2
articles/2012/163-pg54.2_016.txt,articles/2012/163-pg54.2_015.txt,2
articles/2012/164-pg54.3_003.txt,articles/2012/163-pg54.2_018.txt,2
articles/2012/164-pg54.3_002.txt,articles/2012/164-pg54.3_001.txt,2
articles/2012/165-pg55.1_002.txt,articles/2012/165-pg55.1_001.txt,2
articles/2012/165-pg55.1_011.txt,articles/2012/165-pg55.1_010.txt,2
articles/2012/166-pg55.2_016.txt,articles/2012/166-pg55.2_012.txt,2
articles/2012/166-pg55.2_015.txt,articles/2012/166-pg55.2_014.txt,2
articles/2012/168-pg56.1_006.txt,articles/2012/168-pg56.1_004.txt,2
articles/2012/168-pg56.1_017.txt,articles/2012/168-pg56.1_014.txt,2
articles/2012/168-pg56.1_016.txt,articles/2012/168-pg56.1_015.txt,3
articles/2012/168-pg56.1_018.txt,articles/2012/168-pg56.1_015.txt,3
articles/2012/97-pg32.2_001.txt,articles/2012/96-pg32.1_017.txt,2
articles/2012/97-pg32.2_002.txt,articles/2012/96-pg32.1_018.txt,2
articles/2012/98-pg32.3_002.txt,articles/2012/97-pg32.2_019.txt,2
articles/2012/98-pg32.3_004.txt,articles/2012/98-pg32.3_003.txt,2
articles/2012/98-pg32.3_006.txt,articles/2012/98-pg32.3_005.txt,2
articles/2012/98-pg32.3_010.txt,articles/2012/98-pg32.3_007.txt,2
articles/2012/99-pg33.1_009.txt,articles/2012/99-pg33.1_007.txt,2
articles/2012/99-pg33.1_012.txt,articles/2012/99-pg33.1_011.txt,2
articles/2012/99-pg33.1_016.txt,articles/2012/99-pg33.1_014.txt,2
articles/2013/60-pg19.2_007.txt,articles/2013/60-pg19.2_005.txt,2
articles/2013/64-pg20.3_012.txt,articles/2013/64-pg20.3_011.txt,2
articles/2013/64-pg20.3_017.txt,articles/2013/64-pg20.3_015.txt,2
articles/2013/65-pg21.1_010.txt,articles/2013/65-pg21.1_009.txt,2
articles/2013/66-pg21.2_005.txt,articles/2013/66-pg21.2_004.txt,2
articles/2013/66-pg21.2_011.txt,articles/2013/66-pg21.2_008.txt,2
articles/2013/68-pg22.1_004.txt,articles/2013/68-pg22.1_001.txt,2
articles/2013/68-pg22.1_017.txt,articles/2013/68-pg22.1_015.txt,2
articles/2013/79-pg26.1_006.txt,articles/2013/79-pg26.1_005.txt,2
articles/2013/80-pg26.2_001.txt,articles/2013/79-pg26.1_019.txt,2
articles/2013/80-pg26.2_004.txt,articles/2013/80-pg26.2_002.txt,2
articles/2013/80-pg26.2_009.txt,articles/2013/80-pg26.2_008.txt,2
articles/2013/80-pg26.2_018.txt,articles/2013/80-pg26.2_016.txt,2
articles/2013/81-pg26.3_009.txt,articles/2013/81-pg26.3_008.txt,2
articles/2013/82-pg27.1_012.txt,articles/2013/82-pg27.1_009.txt,2
articles/2013/82-pg27.2_002.txt,articles/2013/82-pg27.1_018.txt,2
articles/2013/82-pg27.2_016.txt,articles/2013/82-pg27.2_015.txt,2
articles/2013/85-pg28.2_005.txt,articles/2013/84-pg28.1_017.txt,2
articles/2013/85-pg28.2_006.txt,articles/2013/85-pg28.2_003.txt,2
articles/2013/85-pg28.2_010.txt,articles/2013/85-pg28.2_009.txt,3
articles/2013/85-pg28.2_011.txt,articles/2013/85-pg28.2_009.txt,3
articles/2013/85-pg28.2_019.txt,articles/2013/85-pg28.2_016.txt,2
articles/2013/86-pg28.3_005.txt,articles/2013/86-pg28.3_004.txt,2
articles/2013/87-pg29.1_005.txt,articles/2013/87-pg29.1_003.txt,2
articles/2013/88-pg29.2_009.txt,articles/2013/88-pg29.2_008.txt,2
articles/2013/91-pg30.2_005.txt,articles/2013/91-pg30.2_004.txt,2
articles/2013/92-pg30.3_007.txt,articles/2013/92-pg30.3_006.txt,2
articles/2013/93-pg31.1_013.txt,articles/2013/93-pg31.1_011.txt,2
articles/2014/30-pg9.3_004.txt,articles/2014/30-pg9.3_002.txt,2
articles/2014/31-pg10.1_007.txt,articles/2014/31-pg10.1_006.txt,2
articles/2014/32-pg10.2_001.txt,articles/2014/31-pg10.1_015.txt,2
articles/2014/32-pg10.2_014.txt,articles/2014/32-pg10.2_011.txt,2
articles/2014/39-pg12.2_001.txt,articles/2014/38-pg12.1_016.txt,2
articles/2014/42-pg13.2_001.txt,articles/2014/41-pg13.1_016.txt,2
articles/2014/42-pg13.2_015.txt,articles/2014/42-pg13.2_013.txt,2
articles/2014/45-pg14.2_001.txt,articles/2014/44-pg14.1_016.txt,4
articles/2014/45-pg14.2_002.txt,articles/2014/44-pg14.1_016.txt,4
articles/2014/45-pg14.2_003.txt,articles/2014/44-pg14.1_016.txt,4
articles/2014/53-pg17.1_006.txt,articles/2014/53-pg17.1_005.txt,2
articles/2014/54-pg17.2_001.txt,articles/2014/53-pg17.1_015.txt,2
articles/2014/54-pg17.2_002.txt,articles/2014/53-pg17.1_016.txt,2
articles/2014/55-pg17.3_005.txt,articles/2014/55-pg17.3_004.txt,2
articles/2014/56-pg18.1_011.txt,articles/2014/56-pg18.1_010.txt,2
articles/2015/00-pg1.1_015.txt,articles/2015/00-pg1.1_014.txt,2
articles/2015/01-pg1.2_018.txt,articles/2015/01-pg1.2_016.txt,2
articles/2015/02-pg1.3_005.txt,articles/2015/02-pg1.3_003.txt,2
articles/2015/03-pg2.1_006.txt,articles/2015/03-pg2.1_005.txt,2
articles/2015/04-pg2.2_006.txt,articles/2015/04-pg2.2_005.txt,3
articles/2015/04-pg2.2_008.txt,articles/2015/04-pg2.2_005.txt,3
articles/2015/09-pg3.3_003.txt,articles/2015/09-pg3.3_001.txt,2
articles/2015/13-pg5.1_009.txt,articles/2015/13-pg5.1_008.txt,2
articles/2015/14-pg5.2_003.txt,articles/2015/14-pg5.2_001.txt,2
articles/2015/18-pg6.2_006.txt,articles/2015/18-pg6.2_005.txt,2
articles/2015/22-pg7.2_014.txt,articles/2015/22-pg7.2_013.txt,2
articles/2015/29-pg9.2_006.txt,articles/2015/29-pg9.2_005.txt,2
